name,email ID,github ID
Rosanne,Rosanne.@yopmail.com,Rosanne.@github.com
Patricia,Patricia.@yopmail.com,Patricia.@github.com
Renie,Renie.@yopmail.com,Renie.@github.com
Ardeen,Ardeen.@yopmail.com,Ardeen.@github.com
Asia,Asia.@yopmail.com,Asia.@github.com
Jan,Jan.@yopmail.com,Jan.@github.com
Willetta,Willetta.@yopmail.com,Willetta.@github.com
Nonnah,Nonnah.@yopmail.com,Nonnah.@github.com
Mady,Mady.@yopmail.com,Mady.@github.com
Gretal,Gretal.@yopmail.com,Gretal.@github.com
Moyna,Moyna.@yopmail.com,Moyna.@github.com
Dianemarie,Dianemarie.@yopmail.com,Dianemarie.@github.com
Marinna,Marinna.@yopmail.com,Marinna.@github.com
Ivett,Ivett.@yopmail.com,Ivett.@github.com
Deane,Deane.@yopmail.com,Deane.@github.com
Dacia,Dacia.@yopmail.com,Dacia.@github.com
Sue,Sue.@yopmail.com,Sue.@github.com
Deane,Deane.@yopmail.com,Deane.@github.com
Agathe,Agathe.@yopmail.com,Agathe.@github.com
Jan,Jan.@yopmail.com,Jan.@github.com
Elyssa,Elyssa.@yopmail.com,Elyssa.@github.com
Kirbee,Kirbee.@yopmail.com,Kirbee.@github.com
Wendi,Wendi.@yopmail.com,Wendi.@github.com
Marleah,Marleah.@yopmail.com,Marleah.@github.com
Valli,Valli.@yopmail.com,Valli.@github.com
Kathi,Kathi.@yopmail.com,Kathi.@github.com
Ethel,Ethel.@yopmail.com,Ethel.@github.com
Ida,Ida.@yopmail.com,Ida.@github.com
Layla,Layla.@yopmail.com,Layla.@github.com
Nariko,Nariko.@yopmail.com,Nariko.@github.com
Esmeralda,Esmeralda.@yopmail.com,Esmeralda.@github.com
Kaja,Kaja.@yopmail.com,Kaja.@github.com
Frieda,Frieda.@yopmail.com,Frieda.@github.com
Andree,Andree.@yopmail.com,Andree.@github.com
Bobbi,Bobbi.@yopmail.com,Bobbi.@github.com
Joy,Joy.@yopmail.com,Joy.@github.com
Olwen,Olwen.@yopmail.com,Olwen.@github.com
Brynna,Brynna.@yopmail.com,Brynna.@github.com
Heddie,Heddie.@yopmail.com,Heddie.@github.com
Joy,Joy.@yopmail.com,Joy.@github.com
Dorice,Dorice.@yopmail.com,Dorice.@github.com
Selma,Selma.@yopmail.com,Selma.@github.com
Tabbatha,Tabbatha.@yopmail.com,Tabbatha.@github.com
Bill,Bill.@yopmail.com,Bill.@github.com
Karina,Karina.@yopmail.com,Karina.@github.com
Frieda,Frieda.@yopmail.com,Frieda.@github.com
Joeann,Joeann.@yopmail.com,Joeann.@github.com
Ofilia,Ofilia.@yopmail.com,Ofilia.@github.com
Max,Max.@yopmail.com,Max.@github.com
Carlie,Carlie.@yopmail.com,Carlie.@github.com
Marleah,Marleah.@yopmail.com,Marleah.@github.com
Betta,Betta.@yopmail.com,Betta.@github.com
Mamie,Mamie.@yopmail.com,Mamie.@github.com
Gratia,Gratia.@yopmail.com,Gratia.@github.com
Nannie,Nannie.@yopmail.com,Nannie.@github.com
Aurore,Aurore.@yopmail.com,Aurore.@github.com
Dede,Dede.@yopmail.com,Dede.@github.com
Briney,Briney.@yopmail.com,Briney.@github.com
Lorenza,Lorenza.@yopmail.com,Lorenza.@github.com
Marleah,Marleah.@yopmail.com,Marleah.@github.com
Tami,Tami.@yopmail.com,Tami.@github.com
Harrietta,Harrietta.@yopmail.com,Harrietta.@github.com
Janis,Janis.@yopmail.com,Janis.@github.com
Myrtice,Myrtice.@yopmail.com,Myrtice.@github.com
Julieta,Julieta.@yopmail.com,Julieta.@github.com
Alyda,Alyda.@yopmail.com,Alyda.@github.com
June,June.@yopmail.com,June.@github.com
Juliane,Juliane.@yopmail.com,Juliane.@github.com
Nickie,Nickie.@yopmail.com,Nickie.@github.com
Emylee,Emylee.@yopmail.com,Emylee.@github.com
Wileen,Wileen.@yopmail.com,Wileen.@github.com
Kaia,Kaia.@yopmail.com,Kaia.@github.com
Micheline,Micheline.@yopmail.com,Micheline.@github.com
Johna,Johna.@yopmail.com,Johna.@github.com
Lisette,Lisette.@yopmail.com,Lisette.@github.com
Neila,Neila.@yopmail.com,Neila.@github.com
Madalyn,Madalyn.@yopmail.com,Madalyn.@github.com
Catharine,Catharine.@yopmail.com,Catharine.@github.com
Alisha,Alisha.@yopmail.com,Alisha.@github.com
Cordi,Cordi.@yopmail.com,Cordi.@github.com
Glenda,Glenda.@yopmail.com,Glenda.@github.com
Vita,Vita.@yopmail.com,Vita.@github.com
Zia,Zia.@yopmail.com,Zia.@github.com
Gretal,Gretal.@yopmail.com,Gretal.@github.com
Kimmy,Kimmy.@yopmail.com,Kimmy.@github.com
Almeta,Almeta.@yopmail.com,Almeta.@github.com
Dotty,Dotty.@yopmail.com,Dotty.@github.com
Zia,Zia.@yopmail.com,Zia.@github.com
Pamella,Pamella.@yopmail.com,Pamella.@github.com
Kial,Kial.@yopmail.com,Kial.@github.com
Alameda,Alameda.@yopmail.com,Alameda.@github.com
Aryn,Aryn.@yopmail.com,Aryn.@github.com
Caressa,Caressa.@yopmail.com,Caressa.@github.com
Selma,Selma.@yopmail.com,Selma.@github.com
Arlina,Arlina.@yopmail.com,Arlina.@github.com
Elbertina,Elbertina.@yopmail.com,Elbertina.@github.com
Edyth,Edyth.@yopmail.com,Edyth.@github.com
Hermione,Hermione.@yopmail.com,Hermione.@github.com
Lenna,Lenna.@yopmail.com,Lenna.@github.com
Cyndie,Cyndie.@yopmail.com,Cyndie.@github.com